baseline value,accelerations,decelerations,prolongued_decelerations,abnormal_short_term_variability,mean_value_of_short_term_variability,percent_of_time_with_long_term_variability,mean_value_of_long_term_variability
137.69739433419178,0.00019033117624666921,0.0013323182337266844,0.00019033117624666921,0.00038066235249333843,15.397321428571429,0.0007613247049866769,28.0
132.32505554059512,0.00038066235249333843,0.003616292348686715,0.00038066235249333843,0.005519604111153407,26.733870967741936,0.0022839741149600305,55.90384615384615
133.77153356481483,0.002854967643700038,0.005138941758660068,0.00038066235249333843,0.008564902931100115,46.833333333333336,0.0022839741149600305,76.9375
125.89235188968335,0.000951655881233346,0.005709935287400076,0.00019033117624666921,0.009135896459840122,34.5640243902439,0.0030452988199467074,60.23529411764706
126.55766369047619,0.0,0.003806623524933384,0.00038066235249333843,0.0053292729349067374,26.85,0.0022839741149600305,49.785714285714285
132.74977272727273,0.0011419870574800152,0.0043776170536733916,0.0,0.006090597639893415,33.848654970760236,0.001903311762466692,62.041666666666664
121.46135656400614,0.0,0.008564902931100115,0.00019033117624666921,0.006280928816140083,26.516634050880626,0.0026646364674533687,46.714285714285715
130.07154437650547,0.00038066235249333843,0.003806623524933384,0.00038066235249333843,0.0017129805862200228,17.555555555555557,0.0011419870574800152,38.5
140.56893613754988,0.0022839741149600305,0.005138941758660068,0.0005709935287400076,0.00723258469737343,35.75367647058823,0.0026646364674533687,68.08928571428571
131.3551673816724,0.000951655881233346,0.005138941758660068,0.00019033117624666921,0.005519604111153407,35.19975490196078,0.0022839741149600305,75.1875
150.67254633529907,0.0015226494099733537,0.00019033117624666921,0.0,0.00038066235249333843,18.34144736842105,0.0007613247049866769,35.353070175438596
120.60038454234713,0.00019033117624666921,0.001903311762466692,0.00019033117624666921,0.0022839741149600305,31.443181818181817,0.000951655881233346,61.55
139.27889258159442,0.003996954701180053,0.004187285877426722,0.0005709935287400076,0.011229539398553484,42.872853708791204,0.0026646364674533687,70.609375
119.80029183858308,0.00019033117624666921,0.003996954701180053,0.0,0.0053292729349067374,43.73891625615764,0.0017129805862200228,77.88888888888889
168.13420786203045,0.005519604111153407,0.0022839741149600305,0.0,0.005138941758660068,44.674537037037034,0.0022839741149600305,107.35416666666667
129.13693522645974,0.0015226494099733537,0.007613247049866768,0.0005709935287400076,0.007803578226113437,31.086687306501545,0.002854967643700038,53.578125
155.92600694444445,0.0053292729349067374,0.00475827940616673,0.00019033117624666921,0.0098972211648268,44.1625,0.0022839741149600305,65.14583333333333
148.29234196869152,0.0026646364674533687,0.0013323182337266844,0.000951655881233346,0.0059002664636467455,29.651515151515152,0.0022839741149600305,50.05357142857143
144.0488755980861,0.0,0.00019033117624666921,0.0,0.0005709935287400076,13.556818181818182,0.00038066235249333843,21.2
139.938515625,0.0011419870574800152,0.0022839741149600305,0.0005709935287400076,0.004567948229920061,25.404166666666665,0.0022839741149600305,56.229166666666664
141.05360677369694,0.0026646364674533687,0.0032356299961933763,0.0007613247049866769,0.0074229158736200986,44.955513784461154,0.002093642938713361,80.89583333333333
147.0129268925871,0.0024743052912067,0.002854967643700038,0.0005709935287400076,0.007042253521126761,27.572544642857142,0.0022839741149600305,51.22610294117647
143.6550240880936,0.0015226494099733537,0.0007613247049866769,0.00019033117624666921,0.003996954701180053,25.947693147693148,0.0011419870574800152,46.96875
125.21936139455781,0.0022839741149600305,0.006661591168633422,0.00019033117624666921,0.011039208222306814,45.05714285714286,0.0026646364674533687,72.92857142857143
125.33143052654326,0.00019033117624666921,0.004567948229920061,0.0,0.006090597639893415,30.771551724137932,0.001903311762466692,50.645833333333336
137.9865543071161,0.001903311762466692,0.0013323182337266844,0.00038066235249333843,0.003806623524933384,25.60565476190476,0.0017129805862200228,51.520833333333336
117.72530443331007,0.0,0.0043776170536733916,0.0,0.008374571754853444,44.562645687645684,0.0026646364674533687,70.41620879120879
143.37102749301025,0.0032356299961933763,0.0026646364674533687,0.0,0.00475827940616673,39.94172043010753,0.0017129805862200228,76.75
144.89499740574195,0.0013323182337266844,0.0005709935287400076,0.00019033117624666921,0.0013323182337266844,17.98469387755102,0.0015226494099733537,41.25
135.08910841938047,0.0,0.000951655881233346,0.0,0.0007613247049866769,19.068181818181817,0.00038066235249333843,28.5
129.0754739059209,0.0005709935287400076,0.0024743052912067,0.0007613247049866769,0.002854967643700038,25.420833333333334,0.0013323182337266844,53.09375
118.74702157010283,0.0,0.006661591168633422,0.00019033117624666921,0.004567948229920061,24.365671641791046,0.001903311762466692,42.464285714285715
163.13411491073674,0.006090597639893415,0.0015226494099733537,0.0,0.0030452988199467074,25.59,0.0011419870574800152,52.9
125.44435383286961,0.00019033117624666921,0.0030452988199467074,0.00019033117624666921,0.001903311762466692,20.568181818181817,0.0013323182337266844,34.111111111111114
145.3772877331171,0.003806623524933384,0.0022839741149600305,0.00019033117624666921,0.006471259992386753,32.326388888888886,0.002854967643700038,65.73333333333333
139.99903633378543,0.002093642938713361,0.0017129805862200228,0.00019033117624666921,0.005519604111153407,32.67372881355932,0.002093642938713361,65.70833333333333
120.75561326124075,0.00019033117624666921,0.003996954701180053,0.00019033117624666921,0.011039208222306814,39.12162162162162,0.002854967643700038,67.65
139.93387835318907,0.002093642938713361,0.003806623524933384,0.0,0.006280928816140083,32.04967948717949,0.001903311762466692,57.15909090909091
147.02062202852616,0.0013323182337266844,0.0005709935287400076,0.00019033117624666921,0.001903311762466692,30.99074074074074,0.0007613247049866769,77.58333333333333
137.97429785366631,0.0013323182337266844,0.003806623524933384,0.00038066235249333843,0.004567948229920061,26.86320754716981,0.002093642938713361,50.20454545454545
122.87989437260973,0.00038066235249333843,0.006851922344880091,0.0,0.010468214693566806,43.130434782608695,0.0026646364674533687,67.85714285714286
134.34242770789086,0.0005709935287400076,0.0034259611724400457,0.0,0.006090597639893415,34.94711538461539,0.001903311762466692,66.05113636363636
126.8563363119415,0.0,0.001903311762466692,0.0,0.0024743052912067,27.307692307692307,0.000951655881233346,47.75
140.1138189724686,0.0034259611724400457,0.0049486105824134,0.00019033117624666921,0.008564902931100115,40.647184170471846,0.0026646364674533687,77.09629629629629
144.02653104707792,0.0034259611724400457,0.0049486105824134,0.0,0.009135896459840122,45.617482517482514,0.0024743052912067,83.32692307692308
129.59563879456707,0.00038066235249333843,0.004567948229920061,0.0,0.007042253521126761,32.575,0.001903311762466692,51.025
132.33445821005918,0.000951655881233346,0.003806623524933384,0.00019033117624666921,0.003996954701180053,28.115942028985504,0.0015226494099733537,47.35
141.82792989653942,0.0015226494099733537,0.0007613247049866769,0.0,0.0022839741149600305,44.246212121212125,0.0005709935287400076,77.63181818181818
149.09419664486435,0.0024743052912067,0.0013323182337266844,0.00038066235249333843,0.0030452988199467074,22.844202898550726,0.0024743052912067,49.267857142857146
129.49302398272334,0.0,0.007613247049866768,0.0005709935287400076,0.0032356299961933763,17.68581081081081,0.0017129805862200228,30.733333333333334
157.31531640983954,0.0053292729349067374,0.0034259611724400457,0.00019033117624666921,0.00723258469737343,43.23728813559322,0.002093642938713361,75.875
142.82477914029536,0.004567948229920061,0.0049486105824134,0.0,0.008374571754853444,37.1484375,0.002093642938713361,58.32692307692308
133.46944686569333,0.002093642938713361,0.003806623524933384,0.00019033117624666921,0.005709935287400076,32.72844827586207,0.002093642938713361,62.895833333333336
156.11449502878074,0.0024743052912067,0.0013323182337266844,0.00019033117624666921,0.004187285877426722,38.059821428571425,0.0015226494099733537,74.8125
116.68315116765216,0.00019033117624666921,0.004187285877426722,0.00038066235249333843,0.009706889988580129,35.135714285714286,0.0026646364674533687,60.285714285714285
142.85244575561478,0.0011419870574800152,0.0005709935287400076,0.00019033117624666921,0.0017129805862200228,23.988636363636363,0.000951655881233346,44.6
145.2399485324093,0.0015226494099733537,0.0011419870574800152,0.0,0.0022839741149600305,24.76829268292683,0.0015226494099733537,50.47222222222222
148.33457702645353,0.004187285877426722,0.002854967643700038,0.00019033117624666921,0.006661591168633422,36.04237288135593,0.0022839741149600305,69.0
126.01390561040212,0.0,0.003616292348686715,0.0,0.0022839741149600305,26.393984962406016,0.0013323182337266844,48.642857142857146
133.68871692864997,0.0026646364674533687,0.005709935287400076,0.0,0.00951655881233346,41.09230769230769,0.0024743052912067,67.3076923076923
136.90286467806476,0.0,0.001903311762466692,0.00019033117624666921,0.0013323182337266844,15.129310344827585,0.000951655881233346,27.479166666666668
136.37252673233982,0.000951655881233346,0.003616292348686715,0.0,0.005519604111153407,33.7,0.001903311762466692,71.35
127.66369919890582,0.0005709935287400076,0.0026646364674533687,0.00019033117624666921,0.004187285877426722,30.075581395348838,0.0017129805862200228,60.361111111111114
132.64373601789708,0.0007613247049866769,0.006280928816140083,0.0,0.0030452988199467074,21.995283018867923,0.0017129805862200228,37.68181818181818
109.15932054473569,0.0,0.004187285877426722,0.000951655881233346,0.003616292348686715,24.907894736842106,0.002093642938713361,43.770833333333336
119.65417987722611,0.0007613247049866769,0.004567948229920061,0.0005709935287400076,0.008755234107346783,45.19174448217317,0.0024743052912067,86.12601214574899
126.82323166774822,0.0015226494099733537,0.005138941758660068,0.00038066235249333843,0.006471259992386753,30.3710875331565,0.0024743052912067,57.37466843501326
127.51850338547747,0.00019033117624666921,0.006090597639893415,0.00019033117624666921,0.00475827940616673,24.685185185185187,0.0017129805862200228,42.5
145.22564924445606,0.0043776170536733916,0.002854967643700038,0.00019033117624666921,0.006280928816140083,39.484375,0.002093642938713361,58.76923076923077
152.07569700697007,0.000951655881233346,0.0005709935287400076,0.0,0.0013323182337266844,37.86363636363637,0.00038066235249333843,51.416666666666664
148.42269594007817,0.0032356299961933763,0.000951655881233346,0.0,0.001903311762466692,22.495192307692307,0.0011419870574800152,37.71875
125.14949819576003,0.0005709935287400076,0.004567948229920061,0.0,0.00475827940616673,25.758928571428573,0.001903311762466692,45.208333333333336
145.49500178507677,0.0007613247049866769,0.00019033117624666921,0.0,0.0013323182337266844,16.42361111111111,0.000951655881233346,31.4375
130.60676654593348,0.0022839741149600305,0.00475827940616673,0.0,0.007042253521126761,35.41015625,0.0024743052912067,67.53846153846153
136.64813669398484,0.0,0.0013323182337266844,0.0,0.0013323182337266844,22.63888888888889,0.0007613247049866769,48.208333333333336
124.54622171077867,0.0,0.001903311762466692,0.0,0.0013323182337266844,21.545454545454547,0.0007613247049866769,40.0
131.5721917106034,0.0007613247049866769,0.003616292348686715,0.0,0.004567948229920061,29.62280701754386,0.002093642938713361,54.645833333333336
143.11773818745158,0.001903311762466692,0.003996954701180053,0.0007613247049866769,0.003806623524933384,21.898949579831935,0.0022839741149600305,41.642857142857146
118.13577763554905,0.00019033117624666921,0.0043776170536733916,0.0,0.00475827940616673,28.858695652173914,0.0017129805862200228,46.825
129.54394812680115,0.00038066235249333843,0.0007613247049866769,0.0,0.0015226494099733537,46.72222222222222,0.00038066235249333843,76.5
139.37904178751745,0.0011419870574800152,0.0024743052912067,0.0,0.0030452988199467074,34.37143874643875,0.0013323182337266844,66.375
138.97492497352007,0.0015226494099733537,0.002093642938713361,0.00019033117624666921,0.003996954701180053,22.862676056338028,0.002093642938713361,43.05
131.48856998992952,0.0007613247049866769,0.00475827940616673,0.00038066235249333843,0.0059002664636467455,32.392857142857146,0.0024743052912067,63.07692307692308
135.65410052910053,0.00038066235249333843,0.003616292348686715,0.0,0.0026646364674533687,25.093339587242028,0.0013323182337266844,47.94444444444444
146.10192754887,0.0022839741149600305,0.0007613247049866769,0.0005709935287400076,0.0026646364674533687,16.85955459770115,0.000951655881233346,33.0
134.29520089285714,0.0005709935287400076,0.002093642938713361,0.00019033117624666921,0.006471259992386753,16.65,0.0013323182337266844,34.92857142857143
124.5606113916715,0.0005709935287400076,0.00475827940616673,0.0,0.006471259992386753,40.57745098039215,0.002093642938713361,75.77272727272727
117.06757188498402,0.0,0.0011419870574800152,0.0,0.001903311762466692,22.508679971988794,0.0005709935287400076,52.875
131.4374164624638,0.0017129805862200228,0.003806623524933384,0.0,0.005709935287400076,43.01052631578948,0.0015226494099733537,74.1875
131.2557226945716,0.00038066235249333843,0.0022839741149600305,0.00038066235249333843,0.0053292729349067374,32.43627450980392,0.001903311762466692,61.13636363636363
147.00344948550045,0.00038066235249333843,0.00019033117624666921,0.0,0.0005709935287400076,31.555555555555557,0.00038066235249333843,75.375
141.15307436720676,0.0024743052912067,0.0030452988199467074,0.00019033117624666921,0.006090597639893415,38.34375,0.002093642938713361,79.29166666666667
124.74486586686662,0.00038066235249333843,0.0030452988199467074,0.0,0.0053292729349067374,36.083333333333336,0.002093642938713361,63.22727272727273
132.5728040830331,0.000951655881233346,0.0030452988199467074,0.0,0.0030452988199467074,37.77,0.000951655881233346,78.25
130.97205128205127,0.0,0.0030452988199467074,0.00019033117624666921,0.006090597639893415,27.553846153846155,0.002093642938713361,45.07692307692308
129.3821668842253,0.00038066235249333843,0.0026646364674533687,0.0,0.0030452988199467074,22.863095238095237,0.0013323182337266844,45.94444444444444
148.43787180814354,0.0053292729349067374,0.0034259611724400457,0.0,0.007993909402360106,39.07738095238095,0.0026646364674533687,76.9781746031746
135.1155650754794,0.0,0.0005709935287400076,0.0,0.0,11.426962676962678,0.0,13.75
119.18601021566401,0.00038066235249333843,0.0017129805862200228,0.0,0.002854967643700038,38.223684210526315,0.0007613247049866769,80.125
133.94768991559306,0.004187285877426722,0.003806623524933384,0.0,0.00723258469737343,73.65394736842104,0.0015226494099733537,117.09375
135.59848807244012,0.0011419870574800152,0.005709935287400076,0.0,0.005519604111153407,29.872881355932204,0.0017129805862200228,55.5
134.74909886714727,0.0005709935287400076,0.001903311762466692,0.0,0.0032356299961933763,36.97,0.000951655881233346,67.1
138.2534352596133,0.0013323182337266844,0.0024743052912067,0.0,0.003616292348686715,33.993589743589745,0.0015226494099733537,73.5
140.02881744645384,0.000951655881233346,0.001903311762466692,0.0,0.003616292348686715,21.25922131147541,0.002093642938713361,44.36538461538461
138.05594211559804,0.002093642938713361,0.004187285877426722,0.00019033117624666921,0.006280928816140083,36.58163265306123,0.001903311762466692,72.7
156.71461794019933,0.004187285877426722,0.002093642938713361,0.00019033117624666921,0.0059002664636467455,37.19298245614035,0.0022839741149600305,66.83333333333333
125.23465279799598,0.0007613247049866769,0.005138941758660068,0.00038066235249333843,0.003996954701180053,24.713505747126433,0.001903311762466692,48.30277777777778
121.83465356991972,0.0005709935287400076,0.0053292729349067374,0.00019033117624666921,0.007042253521126761,28.333333333333332,0.0022839741149600305,49.145833333333336
145.44251931205363,0.0026646364674533687,0.0032356299961933763,0.0,0.005519604111153407,29.301724137931036,0.001903311762466692,53.5
144.5247869241558,0.0032356299961933763,0.0034259611724400457,0.0,0.005709935287400076,46.62179487179487,0.0015226494099733537,74.0625
152.6626775286569,0.0024743052912067,0.0013323182337266844,0.0005709935287400076,0.003616292348686715,25.56896551724138,0.001903311762466692,54.333333333333336
121.64464573268921,0.00038066235249333843,0.0017129805862200228,0.0,0.0030452988199467074,38.26923076923077,0.0011419870574800152,74.375
131.58237792807654,0.0005709935287400076,0.0049486105824134,0.0,0.0043776170536733916,29.26029411764706,0.0017129805862200228,54.93181818181818
154.27755008803032,0.0049486105824134,0.0022839741149600305,0.00019033117624666921,0.006851922344880091,39.58467741935484,0.001903311762466692,67.84615384615384
148.94538114318817,0.0043776170536733916,0.0026646364674533687,0.00019033117624666921,0.006661591168633422,29.343869731800766,0.002093642938713361,50.75
121.82289909215072,0.001903311762466692,0.005138941758660068,0.0,0.008755234107346783,56.96153846153846,0.002093642938713361,89.0909090909091
120.24585736255287,0.00019033117624666921,0.004187285877426722,0.00019033117624666921,0.003996954701180053,29.182727272727274,0.001903311762466692,61.47727272727273
126.62448675334832,0.0017129805862200228,0.0032356299961933763,0.00019033117624666921,0.0043776170536733916,39.854651162790695,0.0017129805862200228,62.55555555555556
132.7310606060606,0.0,0.0013323182337266844,0.0,0.0011419870574800152,26.977272727272727,0.00038066235249333843,38.833333333333336
128.20631067961165,0.00019033117624666921,0.002093642938713361,0.00019033117624666921,0.0034259611724400457,21.177083333333332,0.0015226494099733537,43.275
116.07286032830439,0.00038066235249333843,0.004567948229920061,0.0,0.0053292729349067374,43.724173553719005,0.0017129805862200228,99.72222222222223
140.69519760228619,0.0015226494099733537,0.0024743052912067,0.0,0.004187285877426722,22.4,0.002093642938713361,35.25
147.79092147435898,0.0007613247049866769,0.0011419870574800152,0.0007613247049866769,0.003616292348686715,16.465384615384615,0.0011419870574800152,31.03846153846154
131.31955947136564,0.00019033117624666921,0.0022839741149600305,0.0,0.0015226494099733537,22.697916666666668,0.0005709935287400076,40.75
159.42444473392823,0.005138941758660068,0.0005709935287400076,0.0,0.0024743052912067,15.35546875,0.000951655881233346,27.384615384615383
132.55369586859135,0.0,0.00475827940616673,0.00038066235249333843,0.0013323182337266844,15.805084745762711,0.0011419870574800152,26.875
131.25177304964538,0.0,0.0034259611724400457,0.0,0.003996954701180053,38.06666666666667,0.0011419870574800152,61.0
136.6622639254124,0.00038066235249333843,0.0017129805862200228,0.00019033117624666921,0.001903311762466692,18.84285714285714,0.000951655881233346,36.25
136.67976582510062,0.00038066235249333843,0.004187285877426722,0.00019033117624666921,0.003996954701180053,25.736842105263158,0.001903311762466692,44.583333333333336
152.1856276239949,0.005519604111153407,0.002854967643700038,0.00019033117624666921,0.006661591168633422,40.19491525423729,0.0022839741149600305,66.33333333333333
128.4446241604109,0.00019033117624666921,0.0017129805862200228,0.00019033117624666921,0.002854967643700038,26.587399923751427,0.0013323182337266844,48.83424408014572
125.3580732177264,0.002093642938713361,0.003996954701180053,0.00019033117624666921,0.007993909402360106,43.73352272727273,0.002093642938713361,74.38636363636364
125.15653964984553,0.0005709935287400076,0.0032356299961933763,0.00038066235249333843,0.0017129805862200228,17.260074231177093,0.000951655881233346,33.35144927536232
140.03278266834343,0.0015226494099733537,0.0024743052912067,0.0005709935287400076,0.0030452988199467074,27.0,0.0013323182337266844,51.5
137.5179421604581,0.00038066235249333843,0.0026646364674533687,0.0007613247049866769,0.002854967643700038,18.896153846153847,0.001903311762466692,37.03846153846154
130.99034564287322,0.00019033117624666921,0.0017129805862200228,0.0,0.0013323182337266844,20.81578947368421,0.0007613247049866769,34.3125
155.10176866401022,0.0030452988199467074,0.000951655881233346,0.0,0.002854967643700038,19.897321428571427,0.0017129805862200228,43.3125
143.4080467372134,0.00038066235249333843,0.00019033117624666921,0.0,0.0022839741149600305,11.270833333333334,0.0005709935287400076,24.05
135.5326772060343,0.0,0.0017129805862200228,0.0,0.0005709935287400076,19.547619047619047,0.0007613247049866769,25.3
168.93283037590473,0.0034259611724400457,0.0005709935287400076,0.0,0.005519604111153407,36.73412698412699,0.0015226494099733537,60.8125
167.78532029823495,0.003806623524933384,0.0005709935287400076,0.0,0.0030452988199467074,49.525510204081634,0.0011419870574800152,108.25
123.89939885782988,0.0,0.00475827940616673,0.0005709935287400076,0.007042253521126761,28.62142857142857,0.002093642938713361,45.92857142857143
149.7302564102564,0.0049486105824134,0.0026646364674533687,0.0,0.0053292729349067374,28.704662004662005,0.001903311762466692,54.23076923076923
141.83722208395554,0.0011419870574800152,0.0013323182337266844,0.0,0.002854967643700038,21.80392156862745,0.0017129805862200228,44.63636363636363
129.59088987032513,0.0,0.000951655881233346,0.00019033117624666921,0.0017129805862200228,26.782608695652176,0.000951655881233346,56.05
140.16042847857986,0.004187285877426722,0.0030452988199467074,0.0005709935287400076,0.007042253521126761,31.459148727984342,0.0024743052912067,55.84074074074074
158.21021157337964,0.004187285877426722,0.000951655881233346,0.00019033117624666921,0.0022839741149600305,18.80188679245283,0.0015226494099733537,42.09090909090909
161.4292355371901,0.0034259611724400457,0.0005709935287400076,0.0,0.002854967643700038,28.901515151515152,0.0011419870574800152,62.285714285714285
147.75668615984407,0.0024743052912067,0.0030452988199467074,0.0,0.004567948229920061,23.680555555555557,0.001903311762466692,50.65909090909091
123.04104157736819,0.001903311762466692,0.002854967643700038,0.00019033117624666921,0.004567948229920061,48.86666666666667,0.0011419870574800152,90.5
157.03507261566102,0.0022839741149600305,0.0007613247049866769,0.0,0.0022839741149600305,29.25714285714286,0.000951655881233346,67.25
146.14156683242916,0.0007613247049866769,0.0007613247049866769,0.00019033117624666921,0.0015226494099733537,15.950892857142858,0.0015226494099733537,33.125
142.68592513192613,0.003806623524933384,0.002093642938713361,0.00019033117624666921,0.005709935287400076,30.6171875,0.0024743052912067,52.28846153846154
134.63214743589742,0.000951655881233346,0.006661591168633422,0.00019033117624666921,0.007993909402360106,36.16923076923077,0.0024743052912067,62.23076923076923
138.46614133563617,0.0011419870574800152,0.0017129805862200228,0.00019033117624666921,0.0026646364674533687,23.982954545454547,0.0015226494099733537,41.916666666666664
122.73157017909205,0.0011419870574800152,0.004187285877426722,0.00019033117624666921,0.007042253521126761,44.50925925925926,0.002093642938713361,76.27272727272727
116.51836844948676,0.0011419870574800152,0.005709935287400076,0.0,0.007613247049866768,46.92287929272324,0.002093642938713361,89.32135306553911
178.2768576183829,0.0043776170536733916,0.001903311762466692,0.0,0.003996954701180053,46.23717948717949,0.0013323182337266844,90.71875
145.0649145884388,0.002854967643700038,0.001903311762466692,0.00019033117624666921,0.004567948229920061,31.185344827586206,0.001903311762466692,58.666666666666664
131.8390314974642,0.001903311762466692,0.0030452988199467074,0.0,0.006471259992386753,51.68173758865249,0.001903311762466692,90.45
153.41879405385868,0.0043776170536733916,0.0013323182337266844,0.00019033117624666921,0.0059002664636467455,37.508144946808514,0.001903311762466692,77.55703125
131.41814903846154,0.00019033117624666921,0.0049486105824134,0.0,0.00723258469737343,39.70384615384615,0.0024743052912067,77.23076923076923
128.26877602220563,0.0013323182337266844,0.0015226494099733537,0.00038066235249333843,0.003806623524933384,33.11493055555555,0.0013323182337266844,63.65625
143.59131842169856,0.0013323182337266844,0.0026646364674533687,0.0,0.0043776170536733916,26.985835351089587,0.0022839741149600305,52.416666666666664
146.61682267023247,0.00019033117624666921,0.0005709935287400076,0.0,0.000951655881233346,20.75,0.0005709935287400076,44.65
133.50144405503636,0.0007613247049866769,0.0022839741149600305,0.00019033117624666921,0.003616292348686715,31.011363636363637,0.0013323182337266844,60.392857142857146
127.73160131350203,0.00019033117624666921,0.0017129805862200228,0.00019033117624666921,0.002093642938713361,27.045454545454547,0.000951655881233346,54.4
126.84591858257751,0.0,0.0034259611724400457,0.00019033117624666921,0.0015226494099733537,18.57334857723577,0.0011419870574800152,42.734375
109.36612073953293,0.00019033117624666921,0.007803578226113437,0.0005709935287400076,0.011039208222306814,36.103125,0.0030452988199467074,64.328125
129.86918179156908,0.00038066235249333843,0.0049486105824134,0.0,0.0049486105824134,29.135964912280702,0.0022839741149600305,62.25
125.28346207631351,0.0,0.001903311762466692,0.00038066235249333843,0.005519604111153407,27.841269841269842,0.0022839741149600305,52.80769230769231
129.30196484549933,0.002093642938713361,0.003996954701180053,0.00019033117624666921,0.01161020175104682,50.25,0.002854967643700038,78.2
141.26548432163924,0.0007613247049866769,0.0007613247049866769,0.00038066235249333843,0.001903311762466692,17.6890243902439,0.0007613247049866769,34.47222222222222
133.75650243180377,0.0005709935287400076,0.0053292729349067374,0.0,0.006090597639893415,35.860416666666666,0.0022839741149600305,61.75
129.82527142303218,0.00038066235249333843,0.0043776170536733916,0.00038066235249333843,0.007803578226113437,32.57692307692308,0.0022839741149600305,58.26923076923077
161.99489725316542,0.006851922344880091,0.0017129805862200228,0.0,0.0049486105824134,28.491803278688526,0.0017129805862200228,51.53846153846154
123.99882629107981,0.00038066235249333843,0.0049486105824134,0.0,0.0032356299961933763,33.58108108108108,0.0011419870574800152,62.91516516516516
123.10946204735376,0.00019033117624666921,0.0030452988199467074,0.00019033117624666921,0.001903311762466692,23.65277777777778,0.0011419870574800152,47.375
134.76142127103665,0.003616292348686715,0.0049486105824134,0.00038066235249333843,0.008755234107346783,45.0060606060606,0.002093642938713361,73.3409090909091
148.38129510666985,0.003616292348686715,0.0022839741149600305,0.00038066235249333843,0.004567948229920061,29.10971348707198,0.002093642938713361,55.0
142.89764155033382,0.0024743052912067,0.002854967643700038,0.00038066235249333843,0.006661591168633422,37.3475866537091,0.001903311762466692,68.825
153.0189548777612,0.0034259611724400457,0.0013323182337266844,0.0,0.003806623524933384,25.63425925925926,0.0011419870574800152,48.22727272727273
136.94599927424477,0.0011419870574800152,0.0026646364674533687,0.0,0.0043776170536733916,30.594063545150497,0.0017129805862200228,61.3
124.42040018237934,0.0007613247049866769,0.0022839741149600305,0.00038066235249333843,0.0059002664636467455,43.016666666666666,0.0017129805862200228,71.58333333333333
141.1499585921325,0.000951655881233346,0.0013323182337266844,0.00038066235249333843,0.002854967643700038,26.700735294117646,0.0015226494099733537,58.25
144.57928325969564,0.0022839741149600305,0.0015226494099733537,0.00019033117624666921,0.002854967643700038,21.195833333333333,0.0022839741149600305,35.25
122.15762413746448,0.0007613247049866769,0.0032356299961933763,0.00038066235249333843,0.0053292729349067374,28.45967741935484,0.0024743052912067,54.42307692307692
135.35924853474742,0.00019033117624666921,0.001903311762466692,0.0005709935287400076,0.0030452988199467074,18.445833333333333,0.0015226494099733537,36.0625
106.89032850438686,0.0,0.00475827940616673,0.0,0.003806623524933384,27.00609756097561,0.0017129805862200228,52.72222222222222
124.44314523546726,0.00038066235249333843,0.005138941758660068,0.0,0.005519604111153407,37.08454106280193,0.001903311762466692,66.125
136.58045168208014,0.00038066235249333843,0.0030452988199467074,0.0005709935287400076,0.002854967643700038,20.253968253968253,0.002093642938713361,42.30769230769231
124.03406347016212,0.00019033117624666921,0.00038066235249333843,0.0,0.000951655881233346,30.557692307692307,0.00038066235249333843,59.333333333333336
141.6155458775157,0.0011419870574800152,0.001903311762466692,0.0,0.002854967643700038,22.07051282051282,0.0015226494099733537,41.125
138.5151711160767,0.00038066235249333843,0.0015226494099733537,0.0,0.0015226494099733537,19.319444444444443,0.0011419870574800152,31.96875
144.8915349472247,0.00723258469737343,0.005138941758660068,0.0,0.00951655881233346,52.56620370370371,0.002854967643700038,91.375
133.9370382267909,0.00019033117624666921,0.0007613247049866769,0.0,0.000951655881233346,16.557692307692307,0.00038066235249333843,32.583333333333336
143.0835083185269,0.0024743052912067,0.002093642938713361,0.00019033117624666921,0.0043776170536733916,30.278846153846153,0.001903311762466692,61.36363636363637
114.59032229885756,0.0,0.0074229158736200986,0.00019033117624666921,0.011039208222306814,44.03917572463768,0.0026646364674533687,67.57142857142857
138.09974179975137,0.0026646364674533687,0.0032356299961933763,0.0,0.0043776170536733916,34.79287190082645,0.0017129805862200228,65.33333333333333
132.58606300200802,0.0007613247049866769,0.0024743052912067,0.0,0.0034259611724400457,30.129084967320264,0.0013323182337266844,56.92857142857143
134.48339253443012,0.0007613247049866769,0.0024743052912067,0.00019033117624666921,0.0026646364674533687,19.83582089552239,0.0013323182337266844,38.57142857142857
138.93203118181023,0.0030452988199467074,0.0032356299961933763,0.0,0.007042253521126761,38.4140625,0.0024743052912067,70.38461538461539
144.3527269260107,0.003806623524933384,0.0017129805862200228,0.00038066235249333843,0.004567948229920061,24.112337662337662,0.002093642938713361,47.5
98.93194521221055,0.0,0.004567948229920061,0.00019033117624666921,0.00723258469737343,36.44117647058823,0.0026646364674533687,60.42857142857143
154.24323445993855,0.006851922344880091,0.0005709935287400076,0.0,0.002093642938713361,21.2311320754717,0.0013323182337266844,37.04545454545455
132.31131430134988,0.0005709935287400076,0.0022839741149600305,0.0005709935287400076,0.0053292729349067374,33.43478260869565,0.001903311762466692,59.475
125.91107749201547,0.0015226494099733537,0.00475827940616673,0.0,0.008184240578606776,37.666666666666664,0.0026646364674533687,63.86666666666667
130.7802074041035,0.0005709935287400076,0.0043776170536733916,0.00019033117624666921,0.003806623524933384,27.829787234042552,0.0017129805862200228,45.95
152.6763192275827,0.006851922344880091,0.0011419870574800152,0.0,0.0049486105824134,28.21590909090909,0.0024743052912067,52.25
130.0005376894715,0.0,0.002093642938713361,0.0,0.0013323182337266844,26.61904761904762,0.0007613247049866769,52.45
138.55649453394707,0.0015226494099733537,0.002854967643700038,0.00019033117624666921,0.002093642938713361,24.387931034482758,0.000951655881233346,38.416666666666664
138.3288338658147,0.0007613247049866769,0.0017129805862200228,0.0,0.002854967643700038,31.74074074074074,0.000951655881233346,65.625
130.0067210531195,0.00038066235249333843,0.00475827940616673,0.00019033117624666921,0.006661591168633422,32.833333333333336,0.0017129805862200228,50.30555555555556
123.85852634886434,0.000951655881233346,0.004187285877426722,0.0005709935287400076,0.0059002664636467455,35.90456035994814,0.001903311762466692,69.025
124.4157720112214,0.0005709935287400076,0.005138941758660068,0.0,0.004187285877426722,31.48076923076923,0.0013323182337266844,56.96875
141.7534866521096,0.0007613247049866769,0.002093642938713361,0.0005709935287400076,0.003806623524933384,25.858333333333334,0.0013323182337266844,48.25
119.713828125,0.0,0.006661591168633422,0.0,0.011229539398553484,47.95,0.002854967643700038,70.703125
130.91253638421733,0.0,0.0032356299961933763,0.0,0.003616292348686715,20.75,0.0015226494099733537,42.29545454545455
129.74087513086513,0.00038066235249333843,0.0032356299961933763,0.0,0.0034259611724400457,27.568181818181817,0.0013323182337266844,51.388888888888886
139.44895658966632,0.002854967643700038,0.004567948229920061,0.00038066235249333843,0.008374571754853444,37.111111111111114,0.0024743052912067,64.96153846153847
123.69798529186457,0.0,0.004187285877426722,0.0005709935287400076,0.0034259611724400457,19.246103896103897,0.000951655881233346,30.931818181818183
154.78365423826642,0.005138941758660068,0.000951655881233346,0.00038066235249333843,0.0053292729349067374,26.331360946745562,0.001903311762466692,45.36363636363637
149.1242326695613,0.0032356299961933763,0.000951655881233346,0.0,0.0034259611724400457,26.328869047619047,0.0011419870574800152,36.291666666666664
119.36523503705807,0.0007613247049866769,0.006661591168633422,0.00038066235249333843,0.014845831747240197,47.493975903614455,0.0032356299961933763,72.70588235294117
141.38234173356366,0.0026646364674533687,0.0022839741149600305,0.0,0.005709935287400076,38.61309523809524,0.0015226494099733537,57.75
116.33451439653886,0.0,0.003616292348686715,0.00038066235249333843,0.002093642938713361,17.375,0.0013323182337266844,32.666666666666664
139.59740204186392,0.0026646364674533687,0.005138941758660068,0.00019033117624666921,0.007993909402360106,37.720782595782595,0.0026646364674533687,71.2904761904762
134.85895263535602,0.0026646364674533687,0.0043776170536733916,0.00019033117624666921,0.008564902931100115,43.286305204229734,0.002093642938713361,72.75
133.77938658340048,0.0007613247049866769,0.0032356299961933763,0.00019033117624666921,0.003806623524933384,34.41556437389771,0.0015226494099733537,75.4948559670782
148.0687755687935,0.0049486105824134,0.005138941758660068,0.0,0.00932622763608679,54.61864406779661,0.0022839741149600305,87.9375
130.44207471558113,0.0011419870574800152,0.006280928816140083,0.00038066235249333843,0.005709935287400076,26.706379920389207,0.0022839741149600305,47.173469387755105
132.66533641652993,0.0015226494099733537,0.0043776170536733916,0.00019033117624666921,0.0053292729349067374,28.635841836734695,0.002093642938713361,51.104166666666664
133.83755760368663,0.00038066235249333843,0.0022839741149600305,0.0,0.0011419870574800152,21.516666666666666,0.000951655881233346,58.083333333333336
125.87214244378306,0.00019033117624666921,0.003806623524933384,0.00019033117624666921,0.007803578226113437,31.97718253968254,0.0026646364674533687,61.01984126984127
147.68099655700075,0.001903311762466692,0.00019033117624666921,0.00019033117624666921,0.0011419870574800152,18.757575757575758,0.0011419870574800152,34.17857142857143
124.69333351397677,0.0007613247049866769,0.0026646364674533687,0.0,0.007042253521126761,51.9459383570589,0.0015226494099733537,76.93447580645162
153.0839514556345,0.00475827940616673,0.000951655881233346,0.0,0.003616292348686715,20.34242424242424,0.0017129805862200228,39.520833333333336
132.29367182339828,0.000951655881233346,0.003806623524933384,0.00038066235249333843,0.0043776170536733916,27.63235294117647,0.001903311762466692,54.31818181818182
123.53083333333333,0.0005709935287400076,0.006471259992386753,0.000951655881233346,0.009135896459840122,31.308333333333334,0.0034259611724400457,51.986111111111114
157.36891854323048,0.0026646364674533687,0.00038066235249333843,0.00019033117624666921,0.003616292348686715,32.391666666666666,0.0011419870574800152,61.916666666666664
117.08898082355877,0.0030452988199467074,0.0043776170536733916,0.0,0.009706889988580129,63.5125,0.0022839741149600305,113.85416666666667
136.7158472133248,0.0005709935287400076,0.0017129805862200228,0.0,0.0024743052912067,39.67857142857143,0.0005709935287400076,66.33333333333333
123.6436151292388,0.0,0.003806623524933384,0.00019033117624666921,0.0022839741149600305,18.237421383647796,0.0007613247049866769,30.5
143.42676618386048,0.0013323182337266844,0.001903311762466692,0.0,0.002093642938713361,27.703488372093023,0.0013323182337266844,58.861111111111114
124.08116407482534,0.0,0.0011419870574800152,0.0,0.002854967643700038,41.44078947368421,0.0007613247049866769,79.75
146.6296376851451,0.005519604111153407,0.002093642938713361,0.00019033117624666921,0.006471259992386753,39.83049242424242,0.002093642938713361,82.41666666666666
140.46930333576498,0.0032356299961933763,0.004187285877426722,0.00038066235249333843,0.005138941758660068,27.678571428571427,0.0024743052912067,50.80769230769231
132.70396498455202,0.00038066235249333843,0.0026646364674533687,0.0005709935287400076,0.0032356299961933763,30.260162601626018,0.0015226494099733537,58.75
123.97280360688286,0.0007613247049866769,0.0026646364674533687,0.0,0.003616292348686715,45.16346153846154,0.000951655881233346,69.54166666666667
127.25388215273347,0.0005709935287400076,0.0007613247049866769,0.0005709935287400076,0.0011419870574800152,30.734375,0.0005709935287400076,69.5
130.79430765480254,0.00038066235249333843,0.0034259611724400457,0.0,0.003616292348686715,32.91472868217055,0.0015226494099733537,64.86111111111111
133.89707640084146,0.000951655881233346,0.0034259611724400457,0.0005709935287400076,0.005709935287400076,32.11363636363637,0.0017129805862200228,58.47222222222222
128.25837217860646,0.00038066235249333843,0.006090597639893415,0.0,0.007042253521126761,34.22385620915033,0.0026646364674533687,62.625
151.3868831783068,0.003806623524933384,0.000951655881233346,0.00038066235249333843,0.003616292348686715,23.181132075471698,0.0017129805862200228,44.54545454545455
123.9858448306755,0.0011419870574800152,0.002093642938713361,0.00019033117624666921,0.0034259611724400457,56.572916666666664,0.000951655881233346,113.5
129.24101253298153,0.00019033117624666921,0.0011419870574800152,0.0,0.000951655881233346,27.76923076923077,0.0005709935287400076,56.166666666666664
126.70433384120535,0.0022839741149600305,0.0032356299961933763,0.00038066235249333843,0.009135896459840122,48.085,0.001903311762466692,77.05
157.85061954002495,0.002093642938713361,0.00038066235249333843,0.00019033117624666921,0.002854967643700038,44.11421130952382,0.000951655881233346,92.45
151.11987431380535,0.0049486105824134,0.0005709935287400076,0.00019033117624666921,0.0024743052912067,18.791772959183675,0.0013323182337266844,37.479166666666664
142.35472256857855,0.0005709935287400076,0.002093642938713361,0.0,0.0022839741149600305,25.24264705882353,0.0011419870574800152,48.142857142857146
138.6228591036582,0.0017129805862200228,0.002854967643700038,0.0005709935287400076,0.003996954701180053,20.201339285714287,0.001903311762466692,37.285714285714285
118.65593785524821,0.0,0.003806623524933384,0.0,0.005709935287400076,34.78526645768025,0.002093642938713361,61.54545454545455
145.54552799462772,0.0026646364674533687,0.0024743052912067,0.0,0.0049486105824134,33.63928571428571,0.0017129805862200228,64.575
134.53705564959796,0.00038066235249333843,0.0022839741149600305,0.00019033117624666921,0.003996954701180053,36.2125,0.0015226494099733537,79.3125
139.14536214324178,0.000951655881233346,0.003806623524933384,0.00019033117624666921,0.006280928816140083,32.37096774193548,0.0022839741149600305,54.0
138.89433207726427,0.0032356299961933763,0.0030452988199467074,0.0,0.006851922344880091,39.390025575447574,0.001903311762466692,62.3
139.30911593541393,0.0007613247049866769,0.0030452988199467074,0.0005709935287400076,0.003806623524933384,19.5777027027027,0.002093642938713361,43.63333333333333
127.55206773038098,0.0,0.002854967643700038,0.00019033117624666921,0.0034259611724400457,23.4375,0.0017129805862200228,42.30769230769231
139.17356154673445,0.002093642938713361,0.0026646364674533687,0.0,0.00475827940616673,38.627906976744185,0.0017129805862200228,69.86111111111111
125.47332635983264,0.0,0.000951655881233346,0.0,0.0011419870574800152,33.66346153846154,0.0005709935287400076,73.83333333333333
123.69327319860332,0.0,0.0022839741149600305,0.0,0.001903311762466692,20.125,0.000951655881233346,35.3125
119.47668307206222,0.0,0.0026646364674533687,0.0,0.003996954701180053,34.59285714285714,0.0013323182337266844,59.82142857142857
145.48747300215982,0.0013323182337266844,0.0007613247049866769,0.0,0.0022839741149600305,38.85,0.0007613247049866769,69.25
132.75250434427068,0.0,0.001903311762466692,0.00019033117624666921,0.0032356299961933763,24.1265243902439,0.0015226494099733537,42.4375
136.626238043552,0.001903311762466692,0.0053292729349067374,0.00019033117624666921,0.007803578226113437,30.93353277835588,0.0022839741149600305,51.57692307692308
124.32073825766486,0.0005709935287400076,0.003616292348686715,0.00019033117624666921,0.007803578226113437,40.41164933406313,0.002093642938713361,69.4090909090909
137.15378143818631,0.0005709935287400076,0.0013323182337266844,0.00019033117624666921,0.0024743052912067,18.822916666666668,0.0011419870574800152,38.725
125.86768087589236,0.0015226494099733537,0.005138941758660068,0.00038066235249333843,0.008184240578606776,39.763934426229504,0.0022839741149600305,61.17307692307692
119.82686980609418,0.0,0.002854967643700038,0.00038066235249333843,0.003996954701180053,24.262295081967213,0.000951655881233346,37.76923076923077
152.978677074247,0.003806623524933384,0.0017129805862200228,0.0005709935287400076,0.0053292729349067374,21.461890243902438,0.002854967643700038,41.64705882352941
135.810905958703,0.000951655881233346,0.0026646364674533687,0.00038066235249333843,0.007803578226113437,41.387280701754385,0.002093642938713361,62.77272727272727
154.83011217948717,0.006280928816140083,0.0015226494099733537,0.0,0.00475827940616673,27.503846153846155,0.0017129805862200228,49.44230769230769
139.32927430140072,0.0022839741149600305,0.001903311762466692,0.0007613247049866769,0.00475827940616673,25.106172839506176,0.001903311762466692,46.083333333333336
131.953897826459,0.00038066235249333843,0.002093642938713361,0.0,0.0015226494099733537,25.07,0.000951655881233346,59.35
150.70089009021416,0.00475827940616673,0.0017129805862200228,0.00019033117624666921,0.00475827940616673,29.634108253250425,0.0022839741149600305,58.85032051282052
118.50836680053547,0.0015226494099733537,0.0032356299961933763,0.00038066235249333843,0.006280928816140083,47.78977272727273,0.0017129805862200228,90.72222222222223
137.1461802455357,0.0017129805862200228,0.005519604111153407,0.0,0.004567948229920061,24.428571428571427,0.0022839741149600305,42.5
139.05180736416705,0.002854967643700038,0.004567948229920061,0.0,0.00723258469737343,42.82446808510638,0.001903311762466692,69.175
133.45228294839546,0.0005709935287400076,0.0043776170536733916,0.0,0.006280928816140083,33.16818181818182,0.002093642938713361,61.29545454545455
163.33109458703126,0.003996954701180053,0.0005709935287400076,0.00038066235249333843,0.0011419870574800152,15.339622641509434,0.0011419870574800152,37.90909090909091
129.04965058611361,0.0005709935287400076,0.0007613247049866769,0.00019033117624666921,0.002854967643700038,42.75,0.0007613247049866769,83.5
112.57022222222223,0.0,0.005709935287400076,0.00019033117624666921,0.008945565283593453,32.53,0.0026646364674533687,58.583333333333336
132.21186885245902,0.00019033117624666921,0.0030452988199467074,0.0,0.0034259611724400457,32.265625,0.0013323182337266844,53.535714285714285
123.62567661648245,0.0,0.002854967643700038,0.00038066235249333843,0.003996954701180053,24.43828125,0.0013323182337266844,47.15
132.63702768854213,0.0007613247049866769,0.001903311762466692,0.0,0.004187285877426722,44.53214285714286,0.0011419870574800152,93.29166666666667
132.3335675410421,0.001903311762466692,0.003616292348686715,0.00019033117624666921,0.007613247049866768,42.96808510638298,0.001903311762466692,72.8
121.21674086683252,0.00038066235249333843,0.005138941758660068,0.0005709935287400076,0.006280928816140083,32.7890625,0.0024743052912067,60.57692307692308
139.17820743405275,0.0,0.002854967643700038,0.0,0.003806623524933384,18.611369047619046,0.0015226494099733537,36.92857142857143
130.24417164273916,0.00019033117624666921,0.0030452988199467074,0.00019033117624666921,0.0024743052912067,27.47811447811448,0.0013323182337266844,56.67857142857143
138.35854249857388,0.00038066235249333843,0.0024743052912067,0.00019033117624666921,0.0017129805862200228,19.72972972972973,0.0011419870574800152,35.03125
129.83928777227152,0.00019033117624666921,0.0026646364674533687,0.0,0.0034259611724400457,32.4054054054054,0.0015226494099733537,62.90625
130.64067268565614,0.0,0.003616292348686715,0.0,0.002093642938713361,20.48,0.0011419870574800152,34.5
156.18768217911347,0.0053292729349067374,0.000951655881233346,0.0,0.003616292348686715,27.523809523809526,0.0015226494099733537,51.25
123.64498247621772,0.0007613247049866769,0.0032356299961933763,0.00038066235249333843,0.0043776170536733916,27.959613347457626,0.0017129805862200228,54.875
134.53108386211628,0.0005709935287400076,0.0011419870574800152,0.00019033117624666921,0.002093642938713361,23.78,0.000951655881233346,46.1
140.2970704788105,0.00038066235249333843,0.0024743052912067,0.0005709935287400076,0.0026646364674533687,18.81640625,0.0017129805862200228,35.36538461538461
172.4433991846974,0.0011419870574800152,0.0005709935287400076,0.0,0.0022839741149600305,27.296296296296298,0.0007613247049866769,45.5
128.6579317506638,0.00038066235249333843,0.0053292729349067374,0.0,0.005709935287400076,30.787735849056602,0.002093642938713361,50.72727272727273
124.43824415975885,0.0005709935287400076,0.0043776170536733916,0.0,0.0053292729349067374,34.70982142857143,0.002093642938713361,72.60416666666667
149.00765922826594,0.0030452988199467074,0.0007613247049866769,0.00019033117624666921,0.002854967643700038,21.916666666666668,0.0013323182337266844,40.25
129.9959888157207,0.0007613247049866769,0.004187285877426722,0.0,0.004567948229920061,41.7,0.0015226494099733537,76.03125
133.9972020891068,0.00019033117624666921,0.0015226494099733537,0.0,0.0024743052912067,38.8,0.0007613247049866769,69.5
126.79007064364207,0.00038066235249333843,0.003616292348686715,0.00019033117624666921,0.004187285877426722,33.49375,0.0015226494099733537,64.5625
128.11488899093865,0.000951655881233346,0.004187285877426722,0.0013323182337266844,0.003616292348686715,21.95762711864407,0.0017129805862200228,43.520833333333336
132.71577816386247,0.00019033117624666921,0.0013323182337266844,0.0,0.0013323182337266844,17.98913043478261,0.0005709935287400076,34.05
136.14967963474524,0.00019033117624666921,0.004187285877426722,0.0,0.0032356299961933763,20.648701298701297,0.0015226494099733537,33.38636363636363
142.22076111529768,0.0043776170536733916,0.003616292348686715,0.00019033117624666921,0.007613247049866768,43.254464285714285,0.002093642938713361,74.5625
131.1732468797345,0.004187285877426722,0.003806623524933384,0.00019033117624666921,0.00951655881233346,45.185344827586206,0.0022839741149600305,71.33333333333333
146.82650120840304,0.003616292348686715,0.0022839741149600305,0.00019033117624666921,0.003616292348686715,28.82111111111111,0.0017129805862200228,63.97222222222222
141.6014375,0.00038066235249333843,0.0026646364674533687,0.00019033117624666921,0.0053292729349067374,24.003333333333334,0.0017129805862200228,39.4
155.05065104166667,0.002854967643700038,0.0013323182337266844,0.00019033117624666921,0.004187285877426722,22.118056244830438,0.0015226494099733537,48.416666666666664
130.91128130242961,0.00019033117624666921,0.00475827940616673,0.00019033117624666921,0.005519604111153407,29.691176470588236,0.0026646364674533687,52.0
123.59800111645482,0.0007613247049866769,0.003806623524933384,0.0,0.0049486105824134,36.61224489795919,0.0017129805862200228,58.9
150.79422944022116,0.0011419870574800152,0.00019033117624666921,0.0,0.0017129805862200228,44.88461538461539,0.0005709935287400076,93.5
125.05448331322879,0.002093642938713361,0.007042253521126761,0.0,0.010468214693566806,53.965753424657535,0.002854967643700038,76.35
150.06002604166667,0.003616292348686715,0.0011419870574800152,0.00019033117624666921,0.0022839741149600305,21.945833333333333,0.000951655881233346,37.3125
129.86781828073993,0.0005709935287400076,0.0059002664636467455,0.0,0.0043776170536733916,26.525502873563216,0.002093642938713361,50.0
137.73891813270535,0.000951655881233346,0.0030452988199467074,0.0005709935287400076,0.003806623524933384,25.906591530054644,0.001903311762466692,45.11538461538461
136.7342613045738,0.0026646364674533687,0.004567948229920061,0.00038066235249333843,0.008374571754853444,45.06274038461538,0.0024743052912067,82.67307692307692
143.41341368411682,0.002093642938713361,0.0007613247049866769,0.0,0.0026646364674533687,18.46345338983051,0.0013323182337266844,42.0625
118.30743672321509,0.0,0.0024743052912067,0.0005709935287400076,0.0043776170536733916,33.95652173913044,0.0015226494099733537,57.4
134.7890873372923,0.000951655881233346,0.003806623524933384,0.0005709935287400076,0.00475827940616673,30.460714285714285,0.0015226494099733537,49.767857142857146
119.06862896183284,0.00019033117624666921,0.00475827940616673,0.00038066235249333843,0.008945565283593453,38.74390243902439,0.0026646364674533687,73.3529411764706
124.58663640948059,0.0005709935287400076,0.0043776170536733916,0.0,0.00475827940616673,35.791666666666664,0.0017129805862200228,62.111111111111114
119.7655332513997,0.0,0.006471259992386753,0.0,0.006471259992386753,30.27016129032258,0.0024743052912067,46.17307692307692
153.59552083333332,0.005519604111153407,0.0005709935287400076,0.0,0.003616292348686715,22.191666666666666,0.0022839741149600305,39.104166666666664
131.12604846225537,0.0,0.002854967643700038,0.0,0.0022839741149600305,26.58359375,0.0011419870574800152,56.75
124.58516891120749,0.0,0.0022839741149600305,0.0,0.002093642938713361,33.64473684210526,0.0007613247049866769,57.875
131.97473161839173,0.0015226494099733537,0.0017129805862200228,0.00019033117624666921,0.003806623524933384,56.227182539682545,0.000951655881233346,98.25
158.05969790777112,0.0034259611724400457,0.0011419870574800152,0.0,0.0026646364674533687,27.7125,0.0013323182337266844,55.21875
118.38192969231824,0.0013323182337266844,0.006661591168633422,0.0,0.00951655881233346,61.30806010928961,0.0024743052912067,102.90384615384616
138.14426549145298,0.0034259611724400457,0.0034259611724400457,0.00019033117624666921,0.0074229158736200986,39.92628205128205,0.0022839741149600305,64.89583333333333
118.2403771030438,0.0,0.003616292348686715,0.0005709935287400076,0.006471259992386753,31.34704163923634,0.0022839741149600305,58.0625
108.76111397870314,0.00019033117624666921,0.005138941758660068,0.0,0.008564902931100115,39.728070175438596,0.0022839741149600305,66.6875
127.64297355187186,0.00019033117624666921,0.003996954701180053,0.0,0.0034259611724400457,25.508408408408407,0.0013323182337266844,51.111111111111114
135.2435385338346,0.0005709935287400076,0.0005709935287400076,0.0,0.0013323182337266844,32.80555555555556,0.00038066235249333843,45.5
127.56171307954376,0.002093642938713361,0.005138941758660068,0.0,0.009135896459840122,42.70614035087719,0.0022839741149600305,66.72916666666667
130.00622013377478,0.0011419870574800152,0.006661591168633422,0.00019033117624666921,0.008945565283593453,35.844202898550726,0.0026646364674533687,67.46428571428571
148.49951888577206,0.00475827940616673,0.004187285877426722,0.00019033117624666921,0.010277883517320136,41.953369140625,0.0024743052912067,76.61538461538461
122.64437098704974,0.0,0.002093642938713361,0.0,0.003806623524933384,34.833333333333336,0.0013323182337266844,66.03125
131.55618145793014,0.00019033117624666921,0.003996954701180053,0.00019033117624666921,0.0030452988199467074,23.34057971014493,0.0017129805862200228,46.7
136.74643070341259,0.00019033117624666921,0.0024743052912067,0.0,0.001903311762466692,20.19047619047619,0.0017129805862200228,39.75
125.59085019743337,0.0,0.003996954701180053,0.00038066235249333843,0.006661591168633422,28.955882352941178,0.0026646364674533687,54.0
136.37974986593122,0.0007613247049866769,0.003806623524933384,0.00019033117624666921,0.0032356299961933763,22.413090909090908,0.001903311762466692,43.63636363636363
159.2498677621835,0.003996954701180053,0.0017129805862200228,0.0005709935287400076,0.003616292348686715,29.8,0.0017129805862200228,60.729166666666664
120.04362026584123,0.0005709935287400076,0.0024743052912067,0.0,0.0032356299961933763,25.782608695652176,0.0015226494099733537,46.225
120.41001828866104,0.0013323182337266844,0.006471259992386753,0.00019033117624666921,0.010468214693566806,40.260274327122154,0.0026646364674533687,67.10714285714286
140.28639298698005,0.003996954701180053,0.003616292348686715,0.0,0.007803578226113437,45.065524193548384,0.0024743052912067,79.42307692307692
166.93527090841306,0.005138941758660068,0.0015226494099733537,0.0,0.005138941758660068,32.028697886921755,0.0024743052912067,63.267857142857146
120.87744843990859,0.00019033117624666921,0.0030452988199467074,0.00019033117624666921,0.007613247049866768,39.19968553459119,0.002093642938713361,64.43181818181819
126.7233374766936,0.00019033117624666921,0.003996954701180053,0.00019033117624666921,0.005709935287400076,25.36764705882353,0.001903311762466692,41.07142857142857
138.82894736842104,0.0032356299961933763,0.0032356299961933763,0.0007613247049866769,0.0074229158736200986,35.20595238095238,0.0022839741149600305,66.8125
138.3960386656558,0.0013323182337266844,0.0015226494099733537,0.0005709935287400076,0.002854967643700038,22.477272727272727,0.0011419870574800152,41.30555555555556
135.216943762553,0.0007613247049866769,0.0015226494099733537,0.00019033117624666921,0.0032356299961933763,60.93421052631579,0.0007613247049866769,91.0
124.57948409437728,0.00019033117624666921,0.0030452988199467074,0.00019033117624666921,0.002854967643700038,28.73611111111111,0.0011419870574800152,51.65625
117.97233287806358,0.00019033117624666921,0.0043776170536733916,0.00019033117624666921,0.007042253521126761,34.88368983957219,0.002093642938713361,63.02272727272727
137.0238168666592,0.0005709935287400076,0.0024743052912067,0.0,0.0032356299961933763,30.849460891812868,0.000951655881233346,59.65625
123.82420801680944,0.0,0.0013323182337266844,0.00038066235249333843,0.0022839741149600305,25.923076923076923,0.0011419870574800152,44.083333333333336
133.3216329225352,0.0034259611724400457,0.0015226494099733537,0.00019033117624666921,0.007042253521126761,55.723684210526315,0.0015226494099733537,80.46875
139.21882484558174,0.0007613247049866769,0.0024743052912067,0.00019033117624666921,0.004567948229920061,28.083273536165326,0.0022839741149600305,54.57142857142857
137.18650850995505,0.0015226494099733537,0.001903311762466692,0.0,0.0043776170536733916,43.12310606060606,0.0013323182337266844,87.21428571428571
128.74729081302567,0.0,0.002854967643700038,0.00019033117624666921,0.0011419870574800152,17.955128205128204,0.0007613247049866769,36.1875
140.0900052404798,0.0030452988199467074,0.0022839741149600305,0.000951655881233346,0.006090597639893415,29.00347222222222,0.001903311762466692,49.56666666666667
143.58097853131443,0.0011419870574800152,0.002093642938713361,0.0007613247049866769,0.0032356299961933763,23.368361581920905,0.0022839741149600305,49.520833333333336
123.3502491191665,0.0005709935287400076,0.003996954701180053,0.00019033117624666921,0.006661591168633422,33.27384615384616,0.0022839741149600305,53.21153846153846
166.10711840218437,0.0053292729349067374,0.00038066235249333843,0.00019033117624666921,0.002854967643700038,14.02068661971831,0.0007613247049866769,25.33125
112.79191429185164,0.0,0.003996954701180053,0.00019033117624666921,0.006090597639893415,31.864406779661017,0.0022839741149600305,50.979166666666664
141.03904623847754,0.0022839741149600305,0.0026646364674533687,0.0,0.0053292729349067374,29.342105263157894,0.0015226494099733537,49.854166666666664
139.13908,0.0011419870574800152,0.0024743052912067,0.0,0.004187285877426722,24.596012393182203,0.0017129805862200228,55.04545454545455
124.4921090164951,0.00019033117624666921,0.003616292348686715,0.00019033117624666921,0.003806623524933384,33.40303921568628,0.0013323182337266844,63.17857142857143
140.4675427191679,0.0007613247049866769,0.000951655881233346,0.0,0.0015226494099733537,36.61805555555556,0.0005709935287400076,62.25
135.60331349206348,0.002093642938713361,0.003806623524933384,0.0,0.006851922344880091,36.68941798941799,0.0024743052912067,71.67857142857143
131.4134544787078,0.00038066235249333843,0.002854967643700038,0.0005709935287400076,0.0030452988199467074,19.464285714285715,0.0013323182337266844,40.392857142857146
146.8381647776809,0.0005709935287400076,0.00038066235249333843,0.00019033117624666921,0.000951655881233346,28.1,0.00038066235249333843,79.5
121.7450201884253,0.0,0.0005709935287400076,0.00019033117624666921,0.000951655881233346,25.0625,0.0005709935287400076,43.3125
141.48103815521392,0.0024743052912067,0.0049486105824134,0.0,0.007993909402360106,34.6960628342246,0.0026646364674533687,67.55357142857143
126.92253983409918,0.0,0.003806623524933384,0.00019033117624666921,0.005138941758660068,24.732142857142858,0.002093642938713361,48.75
142.13601668240477,0.002854967643700038,0.003806623524933384,0.0,0.006090597639893415,35.33018867924528,0.002093642938713361,58.97727272727273
139.13622116783264,0.0007613247049866769,0.0032356299961933763,0.0005709935287400076,0.0043776170536733916,27.061475409836067,0.001903311762466692,50.82692307692308
136.74542002360548,0.001903311762466692,0.0049486105824134,0.0011419870574800152,0.003996954701180053,21.67797256097561,0.002854967643700038,44.5735294117647
148.17013252367857,0.0011419870574800152,0.0005709935287400076,0.0005709935287400076,0.0034259611724400457,14.472727272727273,0.0007613247049866769,33.43181818181818
147.71263463131731,0.002854967643700038,0.001903311762466692,0.00038066235249333843,0.0043776170536733916,33.44199346405229,0.0017129805862200228,67.81818181818181
149.27443359375,0.005519604111153407,0.0032356299961933763,0.0007613247049866769,0.00723258469737343,30.0125,0.002854967643700038,53.109375
124.46396029157874,0.0,0.001903311762466692,0.0,0.0011419870574800152,21.678977272727273,0.0007613247049866769,42.05
130.31223285408976,0.0011419870574800152,0.003616292348686715,0.00038066235249333843,0.005138941758660068,33.372093023255815,0.0017129805862200228,66.33333333333333
133.96125759848425,0.0013323182337266844,0.003806623524933384,0.0005709935287400076,0.005138941758660068,24.37264150943396,0.002093642938713361,45.36363636363637
138.58622645400797,0.002093642938713361,0.0011419870574800152,0.00019033117624666921,0.003616292348686715,21.684426229508198,0.002093642938713361,43.71153846153846
141.1142571396822,0.0013323182337266844,0.002854967643700038,0.00019033117624666921,0.003806623524933384,20.229333333333333,0.002093642938713361,46.080000000000005
155.09164668265387,0.0026646364674533687,0.00038066235249333843,0.00019033117624666921,0.0017129805862200228,20.72222222222222,0.000951655881233346,34.916666666666664
136.94699259876992,0.00038066235249333843,0.0024743052912067,0.00019033117624666921,0.0030452988199467074,27.684375,0.0013323182337266844,55.96875
120.19018913297803,0.00038066235249333843,0.0026646364674533687,0.00038066235249333843,0.0049486105824134,29.784615384615385,0.0022839741149600305,47.92307692307692
123.69510690789474,0.0,0.0007613247049866769,0.0,0.000951655881233346,37.84090909090909,0.00038066235249333843,57.75
127.83355577800022,0.0,0.0022839741149600305,0.0,0.004567948229920061,39.270526315789475,0.0015226494099733537,74.03125
120.93896845101126,0.00038066235249333843,0.0043776170536733916,0.00038066235249333843,0.008564902931100115,38.23550724637681,0.0026646364674533687,67.89285714285714
147.80717946207076,0.0013323182337266844,0.00038066235249333843,0.00019033117624666921,0.0017129805862200228,12.9453125,0.0007613247049866769,26.653846153846153
118.47792534722223,0.0013323182337266844,0.003996954701180053,0.0,0.006280928816140083,33.69166666666667,0.0022839741149600305,57.9375
175.359921875,0.005519604111153407,0.00038066235249333843,0.0,0.004567948229920061,24.85,0.002093642938713361,53.875
140.0060520361991,0.0049486105824134,0.0034259611724400457,0.00019033117624666921,0.00951655881233346,49.125,0.0022839741149600305,77.08333333333333
127.26926460239268,0.00038066235249333843,0.004187285877426722,0.0,0.004187285877426722,30.8125,0.0013323182337266844,49.90625
119.2708319588309,0.0,0.0049486105824134,0.00019033117624666921,0.0043776170536733916,25.15625,0.0024743052912067,47.07692307692308
123.77129025541366,0.0,0.003996954701180053,0.00038066235249333843,0.006090597639893415,29.867549728373177,0.002093642938713361,53.5
127.26971353071887,0.0007613247049866769,0.006090597639893415,0.0,0.006661591168633422,25.582142857142856,0.0026646364674533687,45.0
150.22410995875788,0.0053292729349067374,0.0030452988199467074,0.00019033117624666921,0.006090597639893415,29.532608695652176,0.0026646364674533687,55.535714285714285
138.54252922353555,0.00019033117624666921,0.0026646364674533687,0.00038066235249333843,0.003806623524933384,17.82001201923077,0.0013323182337266844,35.21153846153846
107.10044321033801,0.0,0.007803578226113437,0.0,0.012561857632280167,44.43037974683544,0.0030452988199467074,66.625
127.42733973181484,0.0,0.0034259611724400457,0.00019033117624666921,0.001903311762466692,19.07608695652174,0.0011419870574800152,33.65
141.67844409583572,0.000951655881233346,0.001903311762466692,0.00019033117624666921,0.004187285877426722,29.517045454545453,0.0015226494099733537,54.25
123.49223526534605,0.00019033117624666921,0.005138941758660068,0.0,0.0032356299961933763,22.385192307692307,0.001903311762466692,46.47727272727273
144.10936421504718,0.0026646364674533687,0.0011419870574800152,0.00019033117624666921,0.003996954701180053,24.322727272727274,0.002093642938713361,49.29545454545455
144.284307567248,0.0005709935287400076,0.0005709935287400076,0.00019033117624666921,0.0011419870574800152,20.525862068965516,0.0007613247049866769,45.0
122.73380059413294,0.00038066235249333843,0.000951655881233346,0.0,0.001903311762466692,56.729166666666664,0.00038066235249333843,63.166666666666664
135.9927805280528,0.0005709935287400076,0.0022839741149600305,0.00019033117624666921,0.003996954701180053,24.980392156862745,0.002093642938713361,43.90909090909091
120.2768068833652,0.00038066235249333843,0.005709935287400076,0.0,0.0043776170536733916,25.836363636363636,0.0017129805862200228,50.90909090909091
130.59617101035346,0.0,0.001903311762466692,0.00019033117624666921,0.0017129805862200228,31.5,0.000951655881233346,69.3
148.3435708064165,0.002854967643700038,0.0026646364674533687,0.0,0.0053292729349067374,33.54423774954628,0.002093642938713361,62.083333333333336
139.97708372708374,0.0015226494099733537,0.0034259611724400457,0.00038066235249333843,0.004187285877426722,28.82777777777778,0.0017129805862200228,54.361111111111114
136.1158350713942,0.0017129805862200228,0.002093642938713361,0.00038066235249333843,0.00475827940616673,29.860576923076923,0.001903311762466692,59.54545454545455
130.03118414891125,0.000951655881233346,0.0049486105824134,0.00038066235249333843,0.0049486105824134,41.53472222222222,0.0015226494099733537,72.8125
144.5270784229698,0.000951655881233346,0.0007613247049866769,0.00019033117624666921,0.0017129805862200228,25.2,0.0005709935287400076,42.375
123.09211548420508,0.00019033117624666921,0.0011419870574800152,0.0,0.0007613247049866769,32.666666666666664,0.00038066235249333843,83.5
129.21125511622225,0.000951655881233346,0.004567948229920061,0.0,0.007613247049866768,44.03425480769231,0.002093642938713361,76.79545454545455
145.54874695667533,0.0005709935287400076,0.0005709935287400076,0.00038066235249333843,0.0049486105824134,14.383838383838382,0.0007613247049866769,28.29059829059829
145.97530017596523,0.0017129805862200228,0.000951655881233346,0.0,0.0034259611724400457,22.635670731707318,0.0013323182337266844,49.00694444444444
144.5880715339233,0.0053292729349067374,0.004187285877426722,0.0,0.008374571754853444,53.12719298245614,0.0022839741149600305,85.29166666666667
140.90358850483116,0.0034259611724400457,0.002854967643700038,0.0005709935287400076,0.0053292729349067374,42.92748917748918,0.0017129805862200228,97.02777777777777
137.78017786956232,0.0007613247049866769,0.0026646364674533687,0.0,0.004567948229920061,28.47222222222222,0.0017129805862200228,48.42307692307692
125.06006870372694,0.0,0.005709935287400076,0.0,0.0030452988199467074,22.95149253731343,0.002093642938713361,40.07142857142857
138.67094924434934,0.0013323182337266844,0.0024743052912067,0.00038066235249333843,0.006280928816140083,31.543650793650794,0.002093642938713361,48.63461538461539
144.60379884943464,0.0011419870574800152,0.0,0.0,0.0015226494099733537,14.69767441860465,0.0011419870574800152,30.22222222222222
103.88829217148182,0.0,0.006661591168633422,0.0,0.008184240578606776,35.666666666666664,0.002854967643700038,59.75
141.2186933620299,0.0015226494099733537,0.0015226494099733537,0.00019033117624666921,0.003616292348686715,27.68918918918919,0.0011419870574800152,47.5
128.08059541984733,0.0026646364674533687,0.0059002664636467455,0.00038066235249333843,0.008374571754853444,41.132246376811594,0.0024743052912067,68.73214285714286
121.78781312397895,0.0,0.005138941758660068,0.0,0.004187285877426722,28.755434782608695,0.0017129805862200228,46.475
145.7817074259193,0.002093642938713361,0.0017129805862200228,0.0,0.0030452988199467074,24.367021276595743,0.0017129805862200228,48.75
126.14051237856471,0.0,0.0011419870574800152,0.0,0.0007613247049866769,18.160714285714285,0.0005709935287400076,42.583333333333336
146.08348498306205,0.0043776170536733916,0.0030452988199467074,0.0005709935287400076,0.006661591168633422,29.138943248532286,0.0026646364674533687,59.11666666666667
162.02600112275448,0.005138941758660068,0.0011419870574800152,0.00019033117624666921,0.002854967643700038,25.96517857142857,0.0011419870574800152,51.541666666666664
146.49207962927937,0.0007613247049866769,0.0,0.0,0.0011419870574800152,14.371717171717172,0.000951655881233346,27.36111111111111
161.7468797098719,0.00475827940616673,0.00019033117624666921,0.00019033117624666921,0.0015226494099733537,19.85,0.0013323182337266844,46.638888888888886
145.1800387787159,0.0005709935287400076,0.0015226494099733537,0.0,0.001903311762466692,19.8546511627907,0.0015226494099733537,34.888888888888886
137.80140667442762,0.0007613247049866769,0.001903311762466692,0.0007613247049866769,0.002854967643700038,22.837962962962962,0.0017129805862200228,54.54545454545455
128.38170266836087,0.00038066235249333843,0.0022839741149600305,0.00038066235249333843,0.002854967643700038,34.27272727272727,0.0011419870574800152,67.71428571428571
135.80727107180022,0.0017129805862200228,0.007042253521126761,0.0,0.006090597639893415,26.17680776014109,0.0030452988199467074,39.55882352941177
146.0719501244464,0.002093642938713361,0.0015226494099733537,0.00038066235249333843,0.0030452988199467074,18.437711069418388,0.001903311762466692,32.73076923076923
159.69224928819995,0.0074229158736200986,0.0022839741149600305,0.00019033117624666921,0.005519604111153407,31.416666666666668,0.0022839741149600305,56.142857142857146
132.51552183481988,0.00038066235249333843,0.0022839741149600305,0.00019033117624666921,0.003806623524933384,30.40756704980843,0.0015226494099733537,52.1875
151.9143239082881,0.0032356299961933763,0.00038066235249333843,0.0,0.0007613247049866769,13.384615384615385,0.0005709935287400076,24.363636363636363
138.75551502159087,0.0007613247049866769,0.002854967643700038,0.0005709935287400076,0.0030452988199467074,19.067279411764705,0.0022839741149600305,34.63235294117647
127.41146527693613,0.0007613247049866769,0.0030452988199467074,0.0,0.005519604111153407,39.14126984126984,0.0013323182337266844,74.25
147.43917914028017,0.0022839741149600305,0.0015226494099733537,0.00019033117624666921,0.0034259611724400457,29.323863636363637,0.0011419870574800152,58.47222222222222
162.29080930161402,0.003996954701180053,0.0011419870574800152,0.0,0.003616292348686715,20.734759358288773,0.0015226494099733537,50.65909090909091
134.30681079323796,0.000951655881233346,0.0026646364674533687,0.00019033117624666921,0.0043776170536733916,28.103448275862068,0.0022839741149600305,65.35416666666667
161.26441075336044,0.003616292348686715,0.00019033117624666921,0.00019033117624666921,0.000951655881233346,13.119402985074627,0.0011419870574800152,23.821428571428573
129.20147435897437,0.002093642938713361,0.0043776170536733916,0.00019033117624666921,0.00951655881233346,40.707692307692305,0.0024743052912067,67.07692307692308
125.27605142043467,0.0026646364674533687,0.0059002664636467455,0.0,0.00932622763608679,50.62840670859539,0.002093642938713361,86.86363636363636
122.95427204795533,0.0,0.004187285877426722,0.00019033117624666921,0.006090597639893415,34.455882352941174,0.002093642938713361,62.20454545454545
138.6944531168696,0.00019033117624666921,0.002093642938713361,0.0,0.0015226494099733537,16.98780487804878,0.000951655881233346,28.833333333333332
141.32371288932063,0.003616292348686715,0.0053292729349067374,0.00019033117624666921,0.008755234107346783,35.40942028985507,0.0022839741149600305,67.30357142857143
127.98616247049567,0.00038066235249333843,0.003996954701180053,0.00019033117624666921,0.0030452988199467074,23.316711590296496,0.0017129805862200228,43.40909090909091
123.22057929576998,0.0,0.0034259611724400457,0.0,0.005519604111153407,31.890625,0.002093642938713361,67.01923076923077
128.79381203473946,0.0,0.0043776170536733916,0.00019033117624666921,0.00475827940616673,28.13888888888889,0.0017129805862200228,50.29545454545455
113.1310331405694,0.0,0.0030452988199467074,0.0,0.0032356299961933763,59.776315789473685,0.0007613247049866769,89.625
162.54463504141134,0.005138941758660068,0.000951655881233346,0.0005709935287400076,0.004567948229920061,23.758064516129032,0.0024743052912067,45.67307692307692
144.15932006781475,0.0017129805862200228,0.0015226494099733537,0.00038066235249333843,0.0032356299961933763,26.4468085106383,0.001903311762466692,53.275
123.7216361182154,0.00038066235249333843,0.002093642938713361,0.0,0.0030452988199467074,43.455555555555556,0.0011419870574800152,96.04166666666667
133.14194736206687,0.00038066235249333843,0.0022839741149600305,0.0,0.0026646364674533687,30.28035714285714,0.0013323182337266844,62.964285714285715
152.44622365559138,0.005709935287400076,0.00038066235249333843,0.0,0.002854967643700038,22.291666666666668,0.0017129805862200228,35.833333333333336
142.87401919866443,0.0032356299961933763,0.0015226494099733537,0.0,0.0032356299961933763,61.74,0.000951655881233346,97.4
145.76603107823846,0.0034259611724400457,0.0015226494099733537,0.00038066235249333843,0.0043776170536733916,28.741935483870968,0.0017129805862200228,60.53846153846154
133.96924071237075,0.0013323182337266844,0.004187285877426722,0.00019033117624666921,0.005709935287400076,34.195998854087094,0.0017129805862200228,60.80555555555556
146.87847460956684,0.0005709935287400076,0.00019033117624666921,0.00019033117624666921,0.00019033117624666921,11.680232558139535,0.0007613247049866769,22.27777777777778
143.68890459889866,0.0026646364674533687,0.004187285877426722,0.00019033117624666921,0.0053292729349067374,26.96875,0.0022839741149600305,44.729166666666664
137.75295634507188,0.0013323182337266844,0.0034259611724400457,0.00019033117624666921,0.005519604111153407,37.01495535714285,0.0015226494099733537,72.375
140.21837993735198,0.0026646364674533687,0.003806623524933384,0.00019033117624666921,0.006090597639893415,40.40909090909091,0.002093642938713361,84.4090909090909
150.38124160543572,0.0015226494099733537,0.00019033117624666921,0.0,0.0011419870574800152,12.528301886792454,0.0005709935287400076,21.045454545454547
133.48113586193057,0.0017129805862200228,0.0026646364674533687,0.0,0.0059002664636467455,41.7478354978355,0.0017129805862200228,63.166666666666664
123.13098882086771,0.0007613247049866769,0.0034259611724400457,0.00019033117624666921,0.0049486105824134,40.5078125,0.0013323182337266844,70.46428571428571
139.03290431617265,0.0011419870574800152,0.003616292348686715,0.0,0.0032356299961933763,30.20731707317073,0.0015226494099733537,58.80555555555556
144.36767052253688,0.0026646364674533687,0.0034259611724400457,0.00019033117624666921,0.006090597639893415,37.759433962264154,0.002093642938713361,65.25
139.38803393715756,0.0017129805862200228,0.0030452988199467074,0.00038066235249333843,0.003996954701180053,22.193783068783066,0.0022839741149600305,37.80769230769231
143.69589254502623,0.0024743052912067,0.002093642938713361,0.00038066235249333843,0.0053292729349067374,29.40909090909091,0.002093642938713361,63.54545454545455
139.7883372454377,0.00038066235249333843,0.0005709935287400076,0.00019033117624666921,0.0011419870574800152,18.21875,0.000951655881233346,38.67857142857143
137.34805079214385,0.0017129805862200228,0.0017129805862200228,0.0,0.0043776170536733916,23.887323943661972,0.0013323182337266844,38.083333333333336
125.17238010813863,0.00038066235249333843,0.003616292348686715,0.0,0.003616292348686715,28.6,0.0015226494099733537,54.5
112.32463773022752,0.0,0.005709935287400076,0.00019033117624666921,0.006090597639893415,29.088709677419356,0.0024743052912067,47.51923076923077
174.74115931461904,0.0026646364674533687,0.00038066235249333843,0.0,0.0024743052912067,24.22142857142857,0.0011419870574800152,49.57142857142857
117.76458348070075,0.0005709935287400076,0.006090597639893415,0.0,0.008945565283593453,44.072740112994346,0.0022839741149600305,77.87847222222221
134.25786458333334,0.0022839741149600305,0.0059002664636467455,0.0,0.008945565283593453,39.63928571428571,0.0024743052912067,62.44642857142857
117.31839583333333,0.001903311762466692,0.0030452988199467074,0.00038066235249333843,0.012561857632280167,48.81666666666667,0.002854967643700038,77.5
136.37696949985545,0.001903311762466692,0.0022839741149600305,0.00019033117624666921,0.0034259611724400457,32.060344827586206,0.0011419870574800152,52.291666666666664
152.2890648719765,0.002093642938713361,0.0011419870574800152,0.00019033117624666921,0.0043776170536733916,36.07789855072464,0.0017129805862200228,67.66666666666667
135.74278446058406,0.0024743052912067,0.00475827940616673,0.0,0.009135896459840122,44.945945945945944,0.002854967643700038,83.53333333333333
134.80369155385765,0.00038066235249333843,0.0030452988199467074,0.0,0.005138941758660068,25.46078431372549,0.001903311762466692,44.40909090909091
155.68955712562467,0.0026646364674533687,0.00019033117624666921,0.0,0.000951655881233346,23.83,0.000951655881233346,57.8
135.21925190948676,0.0022839741149600305,0.0049486105824134,0.000951655881233346,0.006090597639893415,28.614406779661017,0.0022839741149600305,48.0
158.78192930064588,0.007042253521126761,0.0022839741149600305,0.00019033117624666921,0.005519604111153407,34.858333333333334,0.0022839741149600305,64.25
131.5061358133392,0.0007613247049866769,0.0024743052912067,0.00019033117624666921,0.003806623524933384,38.44916267942583,0.0015226494099733537,76.34375
144.31068279872443,0.002093642938713361,0.000951655881233346,0.00019033117624666921,0.0024743052912067,24.755555555555556,0.0011419870574800152,42.72222222222222
133.92081824229433,0.0007613247049866769,0.004567948229920061,0.0,0.003806623524933384,21.885964912280702,0.0017129805862200228,34.791666666666664
136.62466370335713,0.00019033117624666921,0.0030452988199467074,0.0,0.0026646364674533687,26.569444444444443,0.0011419870574800152,44.34375
137.77352090192556,0.00038066235249333843,0.0005709935287400076,0.0,0.0017129805862200228,11.535714285714286,0.00038066235249333843,21.916666666666668
134.12628437986507,0.0013323182337266844,0.0030452988199467074,0.00038066235249333843,0.0053292729349067374,33.75,0.0015226494099733537,53.05555555555556
147.0766472387566,0.0024743052912067,0.002093642938713361,0.0007613247049866769,0.006661591168633422,37.98585663773706,0.002093642938713361,80.5
130.54212797619047,0.0011419870574800152,0.00475827940616673,0.00038066235249333843,0.007042253521126761,31.821428571428573,0.0022839741149600305,54.30357142857143
142.22755606084365,0.0026646364674533687,0.002093642938713361,0.00038066235249333843,0.006661591168633422,41.675569800569804,0.002093642938713361,70.06818181818181
130.16879956741167,0.0007613247049866769,0.0015226494099733537,0.00019033117624666921,0.004567948229920061,24.985849056603772,0.0013323182337266844,42.95454545454545
128.69278044871794,0.000951655881233346,0.0053292729349067374,0.0,0.008564902931100115,37.503846153846155,0.0024743052912067,66.07692307692308
124.60845516992944,0.0011419870574800152,0.007993909402360106,0.0007613247049866769,0.010087552341073468,36.708333333333336,0.0032356299961933763,68.29411764705883
167.87697368421053,0.0017129805862200228,0.0,0.0,0.00038066235249333843,19.67105263157895,0.00038066235249333843,43.375
160.9468341851221,0.0030452988199467074,0.0005709935287400076,0.0,0.0022839741149600305,18.970338983050848,0.0015226494099733537,40.8125
118.27490207917268,0.000951655881233346,0.005709935287400076,0.00038066235249333843,0.009135896459840122,39.55,0.0022839741149600305,69.58333333333333
127.38429199092289,0.0015226494099733537,0.0053292729349067374,0.00019033117624666921,0.00723258469737343,41.87645078173858,0.001903311762466692,78.53404878048781
148.5285843073862,0.0022839741149600305,0.001903311762466692,0.0,0.003996954701180053,43.48529411764706,0.0011419870574800152,71.82142857142857
135.5805689102564,0.0034259611724400457,0.0053292729349067374,0.00038066235249333843,0.008755234107346783,40.33461538461538,0.0024743052912067,70.1923076923077
138.13659807040952,0.0017129805862200228,0.0024743052912067,0.00038066235249333843,0.00475827940616673,35.25,0.0015226494099733537,52.55555555555556
128.40222222222224,0.0,0.0024743052912067,0.00019033117624666921,0.00038066235249333843,13.817307692307692,0.00038066235249333843,22.083333333333332
132.60024020694752,0.0026646364674533687,0.006090597639893415,0.0,0.007803578226113437,37.6764705882353,0.0026646364674533687,62.642857142857146
136.52863731656186,0.0011419870574800152,0.0032356299961933763,0.0,0.0049486105824134,30.53,0.0017129805862200228,54.1
141.85393818544367,0.0017129805862200228,0.0024743052912067,0.0,0.004187285877426722,31.55952380952381,0.0015226494099733537,68.86111111111111
149.65454538721337,0.0017129805862200228,0.0005709935287400076,0.00019033117624666921,0.0017129805862200228,16.9672131147541,0.0017129805862200228,34.48076923076923
125.34230914588058,0.0015226494099733537,0.004567948229920061,0.0005709935287400076,0.0059002664636467455,37.11333333333333,0.0015226494099733537,72.3
123.58230077745384,0.0005709935287400076,0.0034259611724400457,0.0005709935287400076,0.006471259992386753,32.22540983606557,0.0024743052912067,58.26923076923077
127.91354872972738,0.000951655881233346,0.006090597639893415,0.0,0.008755234107346783,40.433125000000004,0.002854967643700038,70.796875
154.65337616183706,0.0022839741149600305,0.0005709935287400076,0.00038066235249333843,0.0013323182337266844,16.941107911696147,0.0005709935287400076,42.9375
129.9188199938354,0.0011419870574800152,0.0032356299961933763,0.0,0.004187285877426722,39.95177383592018,0.0017129805862200228,77.55555555555556
133.52146374394408,0.0013323182337266844,0.005138941758660068,0.00038066235249333843,0.002093642938713361,23.794339622641512,0.0011419870574800152,42.68181818181818
148.78834661354583,0.003996954701180053,0.0022839741149600305,0.00019033117624666921,0.005519604111153407,25.7265625,0.001903311762466692,57.42307692307692
132.6229884037392,0.0007613247049866769,0.0030452988199467074,0.0,0.0043776170536733916,32.43055555555556,0.0013323182337266844,54.96875
133.1679164155069,0.0017129805862200228,0.005138941758660068,0.0,0.008374571754853444,39.58561643835616,0.002854967643700038,77.53333333333333
140.1382497929479,0.002093642938713361,0.003806623524933384,0.0,0.00723258469737343,30.93014705882353,0.0024743052912067,57.19642857142857
139.45877563329313,0.00019033117624666921,0.0013323182337266844,0.00019033117624666921,0.0011419870574800152,18.142857142857142,0.000951655881233346,31.607142857142858
132.37220913725238,0.0017129805862200228,0.0059002664636467455,0.00019033117624666921,0.007803578226113437,32.38076923076923,0.0024743052912067,56.36538461538461
146.67329043033996,0.0015226494099733537,0.000951655881233346,0.00019033117624666921,0.001903311762466692,29.0,0.0007613247049866769,71.05
121.78362774761948,0.000951655881233346,0.003996954701180053,0.00019033117624666921,0.0049486105824134,44.82640232108317,0.0015226494099733537,74.125
115.58222039273082,0.00019033117624666921,0.0022839741149600305,0.00019033117624666921,0.0043776170536733916,35.67857142857143,0.0013323182337266844,77.5
